<?xml version="1.0" encoding="UTF-8"?>
<project-private xmlns="http://www.netbeans.org/ns/project-private/1">
    <editor-bookmarks xmlns="http://www.netbeans.org/ns/editor-bookmarks/2" lastBookmarkId="0"/>
    <open-files xmlns="http://www.netbeans.org/ns/projectui-open-files/2">
        <group>
            <file>file:/C:/Users/NIC/Downloads/FoodDelivery/src/e/food/view/client.java</file>
            <file>file:/C:/Users/NIC/Downloads/FoodDelivery/src/e/food/dao/clientDao.java</file>
            <file>file:/C:/Users/NIC/Downloads/FoodDelivery/src/e/food/dao/menuDao.java</file>
            <file>file:/C:/Users/NIC/Downloads/FoodDelivery/src/e/food/model/Client.java</file>
            <file>file:/C:/Users/NIC/Downloads/FoodDelivery/src/e/food/dao/orderDao.java</file>
            <file>file:/C:/Users/NIC/Downloads/FoodDelivery/src/e/food/model/order.java</file>
            <file>file:/C:/Users/NIC/Downloads/FoodDelivery/src/e/food/dao/transporter.java</file>
            <file>file:/C:/Users/NIC/Downloads/FoodDelivery/src/e/food/view/Order.java</file>
            <file>file:/C:/Users/NIC/Downloads/FoodDelivery/src/e/food/view/FDelivery.java</file>
            <file>file:/C:/Users/NIC/Downloads/FoodDelivery/src/e/food/model/transp.java</file>
            <file>file:/C:/Users/NIC/Downloads/FoodDelivery/src/e/food/view/transport.java</file>
            <file>file:/C:/Users/NIC/Downloads/FoodDelivery/src/e/food/model/menu.java</file>
        </group>
    </open-files>
</project-private>
